Date,SKU,Demand
01-01-2025,SKU_001,130
02-01-2025,SKU_001,156
03-01-2025,SKU_001,177
04-01-2025,SKU_001,162
05-01-2025,SKU_001,156
06-01-2025,SKU_001,174
07-01-2025,SKU_001,139
08-01-2025,SKU_001,169
09-01-2025,SKU_001,208
10-01-2025,SKU_001,171
11-01-2025,SKU_001,166
12-01-2025,SKU_001,168
13-01-2025,SKU_001,189
14-01-2025,SKU_001,187
15-01-2025,SKU_001,186
16-01-2025,SKU_001,185
17-01-2025,SKU_001,182
18-01-2025,SKU_001,190
19-01-2025,SKU_001,202
20-01-2025,SKU_001,180
21-01-2025,SKU_001,226
22-01-2025,SKU_001,176
23-01-2025,SKU_001,219
24-01-2025,SKU_001,190
25-01-2025,SKU_001,185
26-01-2025,SKU_001,219
27-01-2025,SKU_001,242
28-01-2025,SKU_001,227
29-01-2025,SKU_001,239
30-01-2025,SKU_001,215
31-01-2025,SKU_001,222
01-02-2025,SKU_001,224
02-02-2025,SKU_001,210
03-02-2025,SKU_001,204
04-02-2025,SKU_001,228
05-02-2025,SKU_001,222
06-02-2025,SKU_001,209
07-02-2025,SKU_001,208
08-02-2025,SKU_001,249
09-02-2025,SKU_001,224
10-02-2025,SKU_001,231
11-02-2025,SKU_001,234
12-02-2025,SKU_001,233
13-02-2025,SKU_001,225
14-02-2025,SKU_001,258
15-02-2025,SKU_001,240
16-02-2025,SKU_001,227
17-02-2025,SKU_001,225
18-02-2025,SKU_001,211
19-02-2025,SKU_001,202
20-02-2025,SKU_001,223
21-02-2025,SKU_001,248
22-02-2025,SKU_001,219
23-02-2025,SKU_001,224
24-02-2025,SKU_001,238
25-02-2025,SKU_001,212
26-02-2025,SKU_001,217
27-02-2025,SKU_001,202
28-02-2025,SKU_001,231
01-03-2025,SKU_001,198
02-03-2025,SKU_001,197
03-03-2025,SKU_001,204
04-03-2025,SKU_001,212
05-03-2025,SKU_001,212
06-03-2025,SKU_001,190
07-03-2025,SKU_001,213
08-03-2025,SKU_001,211
09-03-2025,SKU_001,218
10-03-2025,SKU_001,211
11-03-2025,SKU_001,216
12-03-2025,SKU_001,192
13-03-2025,SKU_001,227
14-03-2025,SKU_001,209
15-03-2025,SKU_001,199
16-03-2025,SKU_001,195
17-03-2025,SKU_001,175
18-03-2025,SKU_001,153
19-03-2025,SKU_001,196
20-03-2025,SKU_001,188
21-03-2025,SKU_001,194
22-03-2025,SKU_001,151
23-03-2025,SKU_001,148
24-03-2025,SKU_001,176
25-03-2025,SKU_001,148
26-03-2025,SKU_001,159
27-03-2025,SKU_001,138
28-03-2025,SKU_001,182
29-03-2025,SKU_001,144
30-03-2025,SKU_001,150
31-03-2025,SKU_001,185
01-04-2025,SKU_001,180
02-04-2025,SKU_001,160
03-04-2025,SKU_001,157
04-04-2025,SKU_001,143
05-04-2025,SKU_001,128
06-04-2025,SKU_001,117
07-04-2025,SKU_001,128
08-04-2025,SKU_001,125
09-04-2025,SKU_001,128
10-04-2025,SKU_001,110
11-04-2025,SKU_001,100
12-04-2025,SKU_001,126
13-04-2025,SKU_001,127
14-04-2025,SKU_001,108
15-04-2025,SKU_001,140
16-04-2025,SKU_001,119
17-04-2025,SKU_001,107
18-04-2025,SKU_001,118
19-04-2025,SKU_001,102
20-04-2025,SKU_001,90
21-04-2025,SKU_001,98
22-04-2025,SKU_001,82
23-04-2025,SKU_001,106
24-04-2025,SKU_001,95
25-04-2025,SKU_001,79
26-04-2025,SKU_001,79
27-04-2025,SKU_001,104
28-04-2025,SKU_001,68
29-04-2025,SKU_001,91
30-04-2025,SKU_001,89
01-05-2025,SKU_001,77
02-05-2025,SKU_001,70
03-05-2025,SKU_001,76
04-05-2025,SKU_001,53
05-05-2025,SKU_001,90
06-05-2025,SKU_001,94
07-05-2025,SKU_001,76
08-05-2025,SKU_001,80
09-05-2025,SKU_001,66
10-05-2025,SKU_001,72
11-05-2025,SKU_001,80
12-05-2025,SKU_001,77
13-05-2025,SKU_001,78
14-05-2025,SKU_001,75
15-05-2025,SKU_001,53
16-05-2025,SKU_001,72
17-05-2025,SKU_001,69
18-05-2025,SKU_001,58
19-05-2025,SKU_001,62
20-05-2025,SKU_001,80
21-05-2025,SKU_001,79
22-05-2025,SKU_001,73
23-05-2025,SKU_001,67
24-05-2025,SKU_001,96
25-05-2025,SKU_001,84
26-05-2025,SKU_001,52
27-05-2025,SKU_001,56
28-05-2025,SKU_001,82
29-05-2025,SKU_001,84
30-05-2025,SKU_001,86
31-05-2025,SKU_001,48
01-06-2025,SKU_001,89
02-06-2025,SKU_001,98
03-06-2025,SKU_001,81
04-06-2025,SKU_001,91
05-06-2025,SKU_001,84
06-06-2025,SKU_001,81
07-06-2025,SKU_001,93
08-06-2025,SKU_001,90
09-06-2025,SKU_001,107
10-06-2025,SKU_001,111
11-06-2025,SKU_001,95
12-06-2025,SKU_001,91
13-06-2025,SKU_001,95
14-06-2025,SKU_001,114
15-06-2025,SKU_001,130
16-06-2025,SKU_001,116
17-06-2025,SKU_001,117
18-06-2025,SKU_001,115
19-06-2025,SKU_001,92
20-06-2025,SKU_001,115
21-06-2025,SKU_001,117
22-06-2025,SKU_001,123
23-06-2025,SKU_001,96
24-06-2025,SKU_001,115
25-06-2025,SKU_001,122
26-06-2025,SKU_001,128
27-06-2025,SKU_001,125
28-06-2025,SKU_001,135
29-06-2025,SKU_001,123
30-06-2025,SKU_001,130
01-07-2025,SKU_001,150
02-07-2025,SKU_001,159
03-07-2025,SKU_001,164
04-07-2025,SKU_001,138
05-07-2025,SKU_001,160
06-07-2025,SKU_001,138
07-07-2025,SKU_001,144
08-07-2025,SKU_001,168
09-07-2025,SKU_001,166
10-07-2025,SKU_001,203
11-07-2025,SKU_001,173
12-07-2025,SKU_001,178
13-07-2025,SKU_001,176
14-07-2025,SKU_001,184
15-07-2025,SKU_001,182
16-07-2025,SKU_001,185
17-07-2025,SKU_001,173
18-07-2025,SKU_001,197
19-07-2025,SKU_001,202
20-07-2025,SKU_001,186
21-07-2025,SKU_001,193
22-07-2025,SKU_001,209
23-07-2025,SKU_001,190
24-07-2025,SKU_001,195
25-07-2025,SKU_001,206
26-07-2025,SKU_001,203
27-07-2025,SKU_001,212
28-07-2025,SKU_001,208
29-07-2025,SKU_001,225
30-07-2025,SKU_001,205
31-07-2025,SKU_001,226
01-08-2025,SKU_001,219
02-08-2025,SKU_001,245
03-08-2025,SKU_001,233
04-08-2025,SKU_001,213
05-08-2025,SKU_001,216
06-08-2025,SKU_001,228
07-08-2025,SKU_001,224
08-08-2025,SKU_001,221
09-08-2025,SKU_001,212
10-08-2025,SKU_001,212
11-08-2025,SKU_001,215
12-08-2025,SKU_001,209
13-08-2025,SKU_001,239
14-08-2025,SKU_001,237
15-08-2025,SKU_001,220
16-08-2025,SKU_001,235
17-08-2025,SKU_001,253
18-08-2025,SKU_001,210
19-08-2025,SKU_001,211
20-08-2025,SKU_001,234
21-08-2025,SKU_001,237
22-08-2025,SKU_001,251
23-08-2025,SKU_001,256
24-08-2025,SKU_001,197
25-08-2025,SKU_001,229
26-08-2025,SKU_001,199
27-08-2025,SKU_001,220
28-08-2025,SKU_001,209
29-08-2025,SKU_001,225
30-08-2025,SKU_001,211
31-08-2025,SKU_001,224
01-09-2025,SKU_001,209
02-09-2025,SKU_001,219
03-09-2025,SKU_001,225
04-09-2025,SKU_001,224
05-09-2025,SKU_001,193
06-09-2025,SKU_001,207
07-09-2025,SKU_001,185
08-09-2025,SKU_001,192
09-09-2025,SKU_001,188
10-09-2025,SKU_001,198
11-09-2025,SKU_001,177
12-09-2025,SKU_001,213
13-09-2025,SKU_001,206
14-09-2025,SKU_001,189
15-09-2025,SKU_001,199
16-09-2025,SKU_001,201
17-09-2025,SKU_001,172
18-09-2025,SKU_001,176
19-09-2025,SKU_001,192
20-09-2025,SKU_001,171
21-09-2025,SKU_001,191
22-09-2025,SKU_001,169
23-09-2025,SKU_001,178
24-09-2025,SKU_001,172
25-09-2025,SKU_001,175
26-09-2025,SKU_001,159
27-09-2025,SKU_001,191
28-09-2025,SKU_001,167
29-09-2025,SKU_001,155
30-09-2025,SKU_001,151
01-10-2025,SKU_001,145
02-10-2025,SKU_001,162
03-10-2025,SKU_001,189
04-10-2025,SKU_001,129
05-10-2025,SKU_001,138
06-10-2025,SKU_001,146
07-10-2025,SKU_001,131
08-10-2025,SKU_001,149
09-10-2025,SKU_001,125
10-10-2025,SKU_001,111
11-10-2025,SKU_001,128
12-10-2025,SKU_001,127
13-10-2025,SKU_001,98
14-10-2025,SKU_001,119
15-10-2025,SKU_001,112
16-10-2025,SKU_001,107
17-10-2025,SKU_001,122
18-10-2025,SKU_001,104
19-10-2025,SKU_001,91
20-10-2025,SKU_001,112
21-10-2025,SKU_001,129
22-10-2025,SKU_001,86
23-10-2025,SKU_001,109
24-10-2025,SKU_001,99
25-10-2025,SKU_001,77
26-10-2025,SKU_001,102
27-10-2025,SKU_001,86
28-10-2025,SKU_001,91
29-10-2025,SKU_001,80
30-10-2025,SKU_001,63
31-10-2025,SKU_001,63
01-11-2025,SKU_001,94
02-11-2025,SKU_001,77
03-11-2025,SKU_001,51
04-11-2025,SKU_001,76
05-11-2025,SKU_001,56
06-11-2025,SKU_001,42
07-11-2025,SKU_001,36
08-11-2025,SKU_001,77
09-11-2025,SKU_001,52
10-11-2025,SKU_001,82
11-11-2025,SKU_001,87
12-11-2025,SKU_001,76
13-11-2025,SKU_001,86
14-11-2025,SKU_001,71
15-11-2025,SKU_001,71
16-11-2025,SKU_001,77
17-11-2025,SKU_001,64
18-11-2025,SKU_001,59
19-11-2025,SKU_001,41
20-11-2025,SKU_001,77
21-11-2025,SKU_001,82
22-11-2025,SKU_001,80
23-11-2025,SKU_001,76
24-11-2025,SKU_001,87
25-11-2025,SKU_001,56
26-11-2025,SKU_001,78
27-11-2025,SKU_001,104
28-11-2025,SKU_001,81
29-11-2025,SKU_001,71
30-11-2025,SKU_001,73
01-12-2025,SKU_001,79
02-12-2025,SKU_001,97
03-12-2025,SKU_001,75
04-12-2025,SKU_001,78
05-12-2025,SKU_001,62
06-12-2025,SKU_001,112
07-12-2025,SKU_001,83
08-12-2025,SKU_001,79
09-12-2025,SKU_001,96
10-12-2025,SKU_001,104
11-12-2025,SKU_001,96
12-12-2025,SKU_001,120
13-12-2025,SKU_001,70
14-12-2025,SKU_001,126
15-12-2025,SKU_001,114
16-12-2025,SKU_001,130
17-12-2025,SKU_001,106
18-12-2025,SKU_001,107
19-12-2025,SKU_001,112
20-12-2025,SKU_001,112
21-12-2025,SKU_001,114
22-12-2025,SKU_001,121
23-12-2025,SKU_001,128
24-12-2025,SKU_001,121
25-12-2025,SKU_001,110
26-12-2025,SKU_001,154
27-12-2025,SKU_001,111
28-12-2025,SKU_001,135
29-12-2025,SKU_001,153
30-12-2025,SKU_001,145
31-12-2025,SKU_001,140
01-01-2025,SKU_002,32
02-01-2025,SKU_002,44
03-01-2025,SKU_002,32
04-01-2025,SKU_002,20
05-01-2025,SKU_002,33
06-01-2025,SKU_002,31
07-01-2025,SKU_002,29
08-01-2025,SKU_002,20
09-01-2025,SKU_002,405
10-01-2025,SKU_002,47
11-01-2025,SKU_002,48
12-01-2025,SKU_002,38
13-01-2025,SKU_002,48
14-01-2025,SKU_002,40
15-01-2025,SKU_002,37
16-01-2025,SKU_002,30
17-01-2025,SKU_002,37
18-01-2025,SKU_002,23
19-01-2025,SKU_002,42
20-01-2025,SKU_002,33
21-01-2025,SKU_002,26
22-01-2025,SKU_002,42
23-01-2025,SKU_002,43
24-01-2025,SKU_002,37
25-01-2025,SKU_002,46
26-01-2025,SKU_002,29
27-01-2025,SKU_002,39
28-01-2025,SKU_002,28
29-01-2025,SKU_002,44
30-01-2025,SKU_002,33
31-01-2025,SKU_002,35
01-02-2025,SKU_002,45
02-02-2025,SKU_002,48
03-02-2025,SKU_002,41
04-02-2025,SKU_002,540
05-02-2025,SKU_002,46
06-02-2025,SKU_002,42
07-02-2025,SKU_002,35
08-02-2025,SKU_002,27
09-02-2025,SKU_002,21
10-02-2025,SKU_002,27
11-02-2025,SKU_002,32
12-02-2025,SKU_002,42
13-02-2025,SKU_002,35
14-02-2025,SKU_002,24
15-02-2025,SKU_002,48
16-02-2025,SKU_002,43
17-02-2025,SKU_002,44
18-02-2025,SKU_002,30
19-02-2025,SKU_002,20
20-02-2025,SKU_002,47
21-02-2025,SKU_002,39
22-02-2025,SKU_002,49
23-02-2025,SKU_002,47
24-02-2025,SKU_002,30
25-02-2025,SKU_002,34
26-02-2025,SKU_002,44
27-02-2025,SKU_002,37
28-02-2025,SKU_002,28
01-03-2025,SKU_002,47
02-03-2025,SKU_002,33
03-03-2025,SKU_002,20
04-03-2025,SKU_002,32
05-03-2025,SKU_002,29
06-03-2025,SKU_002,47
07-03-2025,SKU_002,41
08-03-2025,SKU_002,29
09-03-2025,SKU_002,47
10-03-2025,SKU_002,21
11-03-2025,SKU_002,34
12-03-2025,SKU_002,45
13-03-2025,SKU_002,20
14-03-2025,SKU_002,26
15-03-2025,SKU_002,37
16-03-2025,SKU_002,37
17-03-2025,SKU_002,37
18-03-2025,SKU_002,46
19-03-2025,SKU_002,49
20-03-2025,SKU_002,23
21-03-2025,SKU_002,44
22-03-2025,SKU_002,21
23-03-2025,SKU_002,21
24-03-2025,SKU_002,42
25-03-2025,SKU_002,44
26-03-2025,SKU_002,21
27-03-2025,SKU_002,46
28-03-2025,SKU_002,36
29-03-2025,SKU_002,26
30-03-2025,SKU_002,34
31-03-2025,SKU_002,29
01-04-2025,SKU_002,28
02-04-2025,SKU_002,20
03-04-2025,SKU_002,20
04-04-2025,SKU_002,42
05-04-2025,SKU_002,21
06-04-2025,SKU_002,47
07-04-2025,SKU_002,31
08-04-2025,SKU_002,46
09-04-2025,SKU_002,34
10-04-2025,SKU_002,33
11-04-2025,SKU_002,23
12-04-2025,SKU_002,34
13-04-2025,SKU_002,29
14-04-2025,SKU_002,23
15-04-2025,SKU_002,43
16-04-2025,SKU_002,32
17-04-2025,SKU_002,49
18-04-2025,SKU_002,49
19-04-2025,SKU_002,32
20-04-2025,SKU_002,43
21-04-2025,SKU_002,459
22-04-2025,SKU_002,31
23-04-2025,SKU_002,29
24-04-2025,SKU_002,25
25-04-2025,SKU_002,27
26-04-2025,SKU_002,20
27-04-2025,SKU_002,40
28-04-2025,SKU_002,42
29-04-2025,SKU_002,31
30-04-2025,SKU_002,21
01-05-2025,SKU_002,33
02-05-2025,SKU_002,36
03-05-2025,SKU_002,29
04-05-2025,SKU_002,41
05-05-2025,SKU_002,40
06-05-2025,SKU_002,22
07-05-2025,SKU_002,46
08-05-2025,SKU_002,30
09-05-2025,SKU_002,23
10-05-2025,SKU_002,26
11-05-2025,SKU_002,30
12-05-2025,SKU_002,46
13-05-2025,SKU_002,24
14-05-2025,SKU_002,20
15-05-2025,SKU_002,28
16-05-2025,SKU_002,38
17-05-2025,SKU_002,30
18-05-2025,SKU_002,28
19-05-2025,SKU_002,43
20-05-2025,SKU_002,25
21-05-2025,SKU_002,21
22-05-2025,SKU_002,34
23-05-2025,SKU_002,43
24-05-2025,SKU_002,23
25-05-2025,SKU_002,40
26-05-2025,SKU_002,45
27-05-2025,SKU_002,33
28-05-2025,SKU_002,24
29-05-2025,SKU_002,604
30-05-2025,SKU_002,48
31-05-2025,SKU_002,38
01-06-2025,SKU_002,490
02-06-2025,SKU_002,31
03-06-2025,SKU_002,31
04-06-2025,SKU_002,38
05-06-2025,SKU_002,49
06-06-2025,SKU_002,44
07-06-2025,SKU_002,32
08-06-2025,SKU_002,28
09-06-2025,SKU_002,22
10-06-2025,SKU_002,48
11-06-2025,SKU_002,41
12-06-2025,SKU_002,22
13-06-2025,SKU_002,36
14-06-2025,SKU_002,49
15-06-2025,SKU_002,22
16-06-2025,SKU_002,23
17-06-2025,SKU_002,30
18-06-2025,SKU_002,44
19-06-2025,SKU_002,35
20-06-2025,SKU_002,32
21-06-2025,SKU_002,33
22-06-2025,SKU_002,35
23-06-2025,SKU_002,27
24-06-2025,SKU_002,20
25-06-2025,SKU_002,33
26-06-2025,SKU_002,27
27-06-2025,SKU_002,37
28-06-2025,SKU_002,47
29-06-2025,SKU_002,38
30-06-2025,SKU_002,31
01-07-2025,SKU_002,29
02-07-2025,SKU_002,31
03-07-2025,SKU_002,682
04-07-2025,SKU_002,41
05-07-2025,SKU_002,46
06-07-2025,SKU_002,46
07-07-2025,SKU_002,33
08-07-2025,SKU_002,49
09-07-2025,SKU_002,48
10-07-2025,SKU_002,34
11-07-2025,SKU_002,35
12-07-2025,SKU_002,43
13-07-2025,SKU_002,41
14-07-2025,SKU_002,34
15-07-2025,SKU_002,29
16-07-2025,SKU_002,37
17-07-2025,SKU_002,35
18-07-2025,SKU_002,45
19-07-2025,SKU_002,36
20-07-2025,SKU_002,28
21-07-2025,SKU_002,35
22-07-2025,SKU_002,24
23-07-2025,SKU_002,777
24-07-2025,SKU_002,41
25-07-2025,SKU_002,43
26-07-2025,SKU_002,47
27-07-2025,SKU_002,46
28-07-2025,SKU_002,36
29-07-2025,SKU_002,28
30-07-2025,SKU_002,622
31-07-2025,SKU_002,25
01-08-2025,SKU_002,29
02-08-2025,SKU_002,32
03-08-2025,SKU_002,46
04-08-2025,SKU_002,29
05-08-2025,SKU_002,20
06-08-2025,SKU_002,22
07-08-2025,SKU_002,48
08-08-2025,SKU_002,38
09-08-2025,SKU_002,23
10-08-2025,SKU_002,26
11-08-2025,SKU_002,34
12-08-2025,SKU_002,39
13-08-2025,SKU_002,23
14-08-2025,SKU_002,46
15-08-2025,SKU_002,35
16-08-2025,SKU_002,28
17-08-2025,SKU_002,47
18-08-2025,SKU_002,26
19-08-2025,SKU_002,31
20-08-2025,SKU_002,34
21-08-2025,SKU_002,25
22-08-2025,SKU_002,23
23-08-2025,SKU_002,32
24-08-2025,SKU_002,40
25-08-2025,SKU_002,30
26-08-2025,SKU_002,29
27-08-2025,SKU_002,23
28-08-2025,SKU_002,21
29-08-2025,SKU_002,22
30-08-2025,SKU_002,42
31-08-2025,SKU_002,40
01-09-2025,SKU_002,29
02-09-2025,SKU_002,45
03-09-2025,SKU_002,698
04-09-2025,SKU_002,22
05-09-2025,SKU_002,46
06-09-2025,SKU_002,43
07-09-2025,SKU_002,45
08-09-2025,SKU_002,32
09-09-2025,SKU_002,34
10-09-2025,SKU_002,30
11-09-2025,SKU_002,33
12-09-2025,SKU_002,32
13-09-2025,SKU_002,23
14-09-2025,SKU_002,47
15-09-2025,SKU_002,42
16-09-2025,SKU_002,37
17-09-2025,SKU_002,30
18-09-2025,SKU_002,42
19-09-2025,SKU_002,47
20-09-2025,SKU_002,41
21-09-2025,SKU_002,31
22-09-2025,SKU_002,22
23-09-2025,SKU_002,26
24-09-2025,SKU_002,24
25-09-2025,SKU_002,45
26-09-2025,SKU_002,29
27-09-2025,SKU_002,39
28-09-2025,SKU_002,31
29-09-2025,SKU_002,39
30-09-2025,SKU_002,43
01-10-2025,SKU_002,44
02-10-2025,SKU_002,44
03-10-2025,SKU_002,48
04-10-2025,SKU_002,22
05-10-2025,SKU_002,21
06-10-2025,SKU_002,29
07-10-2025,SKU_002,41
08-10-2025,SKU_002,42
09-10-2025,SKU_002,23
10-10-2025,SKU_002,28
11-10-2025,SKU_002,33
12-10-2025,SKU_002,33
13-10-2025,SKU_002,27
14-10-2025,SKU_002,33
15-10-2025,SKU_002,39
16-10-2025,SKU_002,47
17-10-2025,SKU_002,29
18-10-2025,SKU_002,39
19-10-2025,SKU_002,47
20-10-2025,SKU_002,33
21-10-2025,SKU_002,32
22-10-2025,SKU_002,43
23-10-2025,SKU_002,22
24-10-2025,SKU_002,33
25-10-2025,SKU_002,35
26-10-2025,SKU_002,31
27-10-2025,SKU_002,39
28-10-2025,SKU_002,46
29-10-2025,SKU_002,575
30-10-2025,SKU_002,35
31-10-2025,SKU_002,36
01-11-2025,SKU_002,36
02-11-2025,SKU_002,43
03-11-2025,SKU_002,21
04-11-2025,SKU_002,45
05-11-2025,SKU_002,43
06-11-2025,SKU_002,47
07-11-2025,SKU_002,29
08-11-2025,SKU_002,23
09-11-2025,SKU_002,21
10-11-2025,SKU_002,23
11-11-2025,SKU_002,24
12-11-2025,SKU_002,48
13-11-2025,SKU_002,47
14-11-2025,SKU_002,37
15-11-2025,SKU_002,33
16-11-2025,SKU_002,33
17-11-2025,SKU_002,21
18-11-2025,SKU_002,26
19-11-2025,SKU_002,27
20-11-2025,SKU_002,571
21-11-2025,SKU_002,44
22-11-2025,SKU_002,44
23-11-2025,SKU_002,22
24-11-2025,SKU_002,750
25-11-2025,SKU_002,29
26-11-2025,SKU_002,46
27-11-2025,SKU_002,21
28-11-2025,SKU_002,27
29-11-2025,SKU_002,42
30-11-2025,SKU_002,49
01-12-2025,SKU_002,34
02-12-2025,SKU_002,22
03-12-2025,SKU_002,47
04-12-2025,SKU_002,34
05-12-2025,SKU_002,23
06-12-2025,SKU_002,33
07-12-2025,SKU_002,46
08-12-2025,SKU_002,44
09-12-2025,SKU_002,32
10-12-2025,SKU_002,37
11-12-2025,SKU_002,30
12-12-2025,SKU_002,36
13-12-2025,SKU_002,42
14-12-2025,SKU_002,40
15-12-2025,SKU_002,41
16-12-2025,SKU_002,31
17-12-2025,SKU_002,39
18-12-2025,SKU_002,28
19-12-2025,SKU_002,35
20-12-2025,SKU_002,47
21-12-2025,SKU_002,43
22-12-2025,SKU_002,39
23-12-2025,SKU_002,33
24-12-2025,SKU_002,30
25-12-2025,SKU_002,37
26-12-2025,SKU_002,27
27-12-2025,SKU_002,29
28-12-2025,SKU_002,30
29-12-2025,SKU_002,46
30-12-2025,SKU_002,32
31-12-2025,SKU_002,25
01-01-2025,SKU_003,45
02-01-2025,SKU_003,47
03-01-2025,SKU_003,60
04-01-2025,SKU_003,43
05-01-2025,SKU_003,50
06-01-2025,SKU_003,47
07-01-2025,SKU_003,54
08-01-2025,SKU_003,53
09-01-2025,SKU_003,51
10-01-2025,SKU_003,44
11-01-2025,SKU_003,56
12-01-2025,SKU_003,44
13-01-2025,SKU_003,59
14-01-2025,SKU_003,57
15-01-2025,SKU_003,55
16-01-2025,SKU_003,43
17-01-2025,SKU_003,58
18-01-2025,SKU_003,52
19-01-2025,SKU_003,56
20-01-2025,SKU_003,48
21-01-2025,SKU_003,41
22-01-2025,SKU_003,52
23-01-2025,SKU_003,51
24-01-2025,SKU_003,46
25-01-2025,SKU_003,41
26-01-2025,SKU_003,51
27-01-2025,SKU_003,40
28-01-2025,SKU_003,60
29-01-2025,SKU_003,44
30-01-2025,SKU_003,54
31-01-2025,SKU_003,52
01-02-2025,SKU_003,48
02-02-2025,SKU_003,43
03-02-2025,SKU_003,53
04-02-2025,SKU_003,55
05-02-2025,SKU_003,59
06-02-2025,SKU_003,48
07-02-2025,SKU_003,49
08-02-2025,SKU_003,40
09-02-2025,SKU_003,51
10-02-2025,SKU_003,53
11-02-2025,SKU_003,53
12-02-2025,SKU_003,52
13-02-2025,SKU_003,46
14-02-2025,SKU_003,45
15-02-2025,SKU_003,49
16-02-2025,SKU_003,60
17-02-2025,SKU_003,54
18-02-2025,SKU_003,55
19-02-2025,SKU_003,61
20-02-2025,SKU_003,57
21-02-2025,SKU_003,52
22-02-2025,SKU_003,55
23-02-2025,SKU_003,42
24-02-2025,SKU_003,49
25-02-2025,SKU_003,47
26-02-2025,SKU_003,54
27-02-2025,SKU_003,44
28-02-2025,SKU_003,55
01-03-2025,SKU_003,53
02-03-2025,SKU_003,51
03-03-2025,SKU_003,42
04-03-2025,SKU_003,51
05-03-2025,SKU_003,48
06-03-2025,SKU_003,44
07-03-2025,SKU_003,54
08-03-2025,SKU_003,51
09-03-2025,SKU_003,40
10-03-2025,SKU_003,48
11-03-2025,SKU_003,49
12-03-2025,SKU_003,49
13-03-2025,SKU_003,45
14-03-2025,SKU_003,51
15-03-2025,SKU_003,54
16-03-2025,SKU_003,52
17-03-2025,SKU_003,54
18-03-2025,SKU_003,56
19-03-2025,SKU_003,46
20-03-2025,SKU_003,52
21-03-2025,SKU_003,50
22-03-2025,SKU_003,47
23-03-2025,SKU_003,46
24-03-2025,SKU_003,51
25-03-2025,SKU_003,47
26-03-2025,SKU_003,51
27-03-2025,SKU_003,48
28-03-2025,SKU_003,50
29-03-2025,SKU_003,48
30-03-2025,SKU_003,58
31-03-2025,SKU_003,37
01-04-2025,SKU_003,55
02-04-2025,SKU_003,54
03-04-2025,SKU_003,46
04-04-2025,SKU_003,53
05-04-2025,SKU_003,51
06-04-2025,SKU_003,58
07-04-2025,SKU_003,45
08-04-2025,SKU_003,44
09-04-2025,SKU_003,59
10-04-2025,SKU_003,51
11-04-2025,SKU_003,53
12-04-2025,SKU_003,56
13-04-2025,SKU_003,51
14-04-2025,SKU_003,48
15-04-2025,SKU_003,53
16-04-2025,SKU_003,51
17-04-2025,SKU_003,54
18-04-2025,SKU_003,48
19-04-2025,SKU_003,50
20-04-2025,SKU_003,47
21-04-2025,SKU_003,49
22-04-2025,SKU_003,56
23-04-2025,SKU_003,48
24-04-2025,SKU_003,49
25-04-2025,SKU_003,44
26-04-2025,SKU_003,47
27-04-2025,SKU_003,45
28-04-2025,SKU_003,49
29-04-2025,SKU_003,62
30-04-2025,SKU_003,46
01-05-2025,SKU_003,54
02-05-2025,SKU_003,48
03-05-2025,SKU_003,56
04-05-2025,SKU_003,54
05-05-2025,SKU_003,42
06-05-2025,SKU_003,44
07-05-2025,SKU_003,47
08-05-2025,SKU_003,45
09-05-2025,SKU_003,52
10-05-2025,SKU_003,50
11-05-2025,SKU_003,47
12-05-2025,SKU_003,41
13-05-2025,SKU_003,53
14-05-2025,SKU_003,47
15-05-2025,SKU_003,42
16-05-2025,SKU_003,48
17-05-2025,SKU_003,52
18-05-2025,SKU_003,47
19-05-2025,SKU_003,48
20-05-2025,SKU_003,56
21-05-2025,SKU_003,56
22-05-2025,SKU_003,56
23-05-2025,SKU_003,47
24-05-2025,SKU_003,59
25-05-2025,SKU_003,53
26-05-2025,SKU_003,53
27-05-2025,SKU_003,50
28-05-2025,SKU_003,50
29-05-2025,SKU_003,50
30-05-2025,SKU_003,46
31-05-2025,SKU_003,50
01-06-2025,SKU_003,52
02-06-2025,SKU_003,48
03-06-2025,SKU_003,57
04-06-2025,SKU_003,49
05-06-2025,SKU_003,59
06-06-2025,SKU_003,50
07-06-2025,SKU_003,49
08-06-2025,SKU_003,55
09-06-2025,SKU_003,53
10-06-2025,SKU_003,56
11-06-2025,SKU_003,50
12-06-2025,SKU_003,54
13-06-2025,SKU_003,58
14-06-2025,SKU_003,48
15-06-2025,SKU_003,50
16-06-2025,SKU_003,48
17-06-2025,SKU_003,49
18-06-2025,SKU_003,49
19-06-2025,SKU_003,51
20-06-2025,SKU_003,52
21-06-2025,SKU_003,47
22-06-2025,SKU_003,54
23-06-2025,SKU_003,45
24-06-2025,SKU_003,48
25-06-2025,SKU_003,46
26-06-2025,SKU_003,53
27-06-2025,SKU_003,40
28-06-2025,SKU_003,43
29-06-2025,SKU_003,47
30-06-2025,SKU_003,55
01-07-2025,SKU_003,48
02-07-2025,SKU_003,45
03-07-2025,SKU_003,56
04-07-2025,SKU_003,64
05-07-2025,SKU_003,47
06-07-2025,SKU_003,52
07-07-2025,SKU_003,46
08-07-2025,SKU_003,54
09-07-2025,SKU_003,42
10-07-2025,SKU_003,52
11-07-2025,SKU_003,51
12-07-2025,SKU_003,48
13-07-2025,SKU_003,49
14-07-2025,SKU_003,57
15-07-2025,SKU_003,55
16-07-2025,SKU_003,52
17-07-2025,SKU_003,42
18-07-2025,SKU_003,51
19-07-2025,SKU_003,47
20-07-2025,SKU_003,47
21-07-2025,SKU_003,54
22-07-2025,SKU_003,49
23-07-2025,SKU_003,39
24-07-2025,SKU_003,58
25-07-2025,SKU_003,66
26-07-2025,SKU_003,51
27-07-2025,SKU_003,48
28-07-2025,SKU_003,51
29-07-2025,SKU_003,52
30-07-2025,SKU_003,40
31-07-2025,SKU_003,50
01-08-2025,SKU_003,52
02-08-2025,SKU_003,55
03-08-2025,SKU_003,47
04-08-2025,SKU_003,54
05-08-2025,SKU_003,50
06-08-2025,SKU_003,50
07-08-2025,SKU_003,49
08-08-2025,SKU_003,51
09-08-2025,SKU_003,47
10-08-2025,SKU_003,43
11-08-2025,SKU_003,48
12-08-2025,SKU_003,55
13-08-2025,SKU_003,52
14-08-2025,SKU_003,59
15-08-2025,SKU_003,50
16-08-2025,SKU_003,49
17-08-2025,SKU_003,54
18-08-2025,SKU_003,55
19-08-2025,SKU_003,55
20-08-2025,SKU_003,44
21-08-2025,SKU_003,43
22-08-2025,SKU_003,44
23-08-2025,SKU_003,45
24-08-2025,SKU_003,53
25-08-2025,SKU_003,44
26-08-2025,SKU_003,43
27-08-2025,SKU_003,55
28-08-2025,SKU_003,41
29-08-2025,SKU_003,47
30-08-2025,SKU_003,46
31-08-2025,SKU_003,58
01-09-2025,SKU_003,47
02-09-2025,SKU_003,49
03-09-2025,SKU_003,50
04-09-2025,SKU_003,41
05-09-2025,SKU_003,48
06-09-2025,SKU_003,53
07-09-2025,SKU_003,46
08-09-2025,SKU_003,48
09-09-2025,SKU_003,59
10-09-2025,SKU_003,50
11-09-2025,SKU_003,53
12-09-2025,SKU_003,41
13-09-2025,SKU_003,49
14-09-2025,SKU_003,49
15-09-2025,SKU_003,55
16-09-2025,SKU_003,44
17-09-2025,SKU_003,46
18-09-2025,SKU_003,39
19-09-2025,SKU_003,47
20-09-2025,SKU_003,56
21-09-2025,SKU_003,53
22-09-2025,SKU_003,46
23-09-2025,SKU_003,54
24-09-2025,SKU_003,49
25-09-2025,SKU_003,58
26-09-2025,SKU_003,52
27-09-2025,SKU_003,56
28-09-2025,SKU_003,50
29-09-2025,SKU_003,44
30-09-2025,SKU_003,48
01-10-2025,SKU_003,44
02-10-2025,SKU_003,55
03-10-2025,SKU_003,45
04-10-2025,SKU_003,51
05-10-2025,SKU_003,54
06-10-2025,SKU_003,49
07-10-2025,SKU_003,47
08-10-2025,SKU_003,52
09-10-2025,SKU_003,54
10-10-2025,SKU_003,58
11-10-2025,SKU_003,49
12-10-2025,SKU_003,52
13-10-2025,SKU_003,53
14-10-2025,SKU_003,48
15-10-2025,SKU_003,59
16-10-2025,SKU_003,55
17-10-2025,SKU_003,51
18-10-2025,SKU_003,50
19-10-2025,SKU_003,52
20-10-2025,SKU_003,56
21-10-2025,SKU_003,35
22-10-2025,SKU_003,52
23-10-2025,SKU_003,56
24-10-2025,SKU_003,57
25-10-2025,SKU_003,42
26-10-2025,SKU_003,38
27-10-2025,SKU_003,50
28-10-2025,SKU_003,45
29-10-2025,SKU_003,45
30-10-2025,SKU_003,48
31-10-2025,SKU_003,63
01-11-2025,SKU_003,47
02-11-2025,SKU_003,44
03-11-2025,SKU_003,55
04-11-2025,SKU_003,57
05-11-2025,SKU_003,55
06-11-2025,SKU_003,48
07-11-2025,SKU_003,50
08-11-2025,SKU_003,51
09-11-2025,SKU_003,51
10-11-2025,SKU_003,53
11-11-2025,SKU_003,52
12-11-2025,SKU_003,51
13-11-2025,SKU_003,57
14-11-2025,SKU_003,41
15-11-2025,SKU_003,48
16-11-2025,SKU_003,55
17-11-2025,SKU_003,43
18-11-2025,SKU_003,58
19-11-2025,SKU_003,49
20-11-2025,SKU_003,55
21-11-2025,SKU_003,52
22-11-2025,SKU_003,46
23-11-2025,SKU_003,43
24-11-2025,SKU_003,57
25-11-2025,SKU_003,44
26-11-2025,SKU_003,49
27-11-2025,SKU_003,48
28-11-2025,SKU_003,52
29-11-2025,SKU_003,44
30-11-2025,SKU_003,55
01-12-2025,SKU_003,56
02-12-2025,SKU_003,45
03-12-2025,SKU_003,48
04-12-2025,SKU_003,49
05-12-2025,SKU_003,49
06-12-2025,SKU_003,59
07-12-2025,SKU_003,47
08-12-2025,SKU_003,44
09-12-2025,SKU_003,36
10-12-2025,SKU_003,47
11-12-2025,SKU_003,48
12-12-2025,SKU_003,47
13-12-2025,SKU_003,47
14-12-2025,SKU_003,55
15-12-2025,SKU_003,49
16-12-2025,SKU_003,46
17-12-2025,SKU_003,47
18-12-2025,SKU_003,35
19-12-2025,SKU_003,44
20-12-2025,SKU_003,57
21-12-2025,SKU_003,59
22-12-2025,SKU_003,57
23-12-2025,SKU_003,50
24-12-2025,SKU_003,52
25-12-2025,SKU_003,48
26-12-2025,SKU_003,51
27-12-2025,SKU_003,49
28-12-2025,SKU_003,40
29-12-2025,SKU_003,49
30-12-2025,SKU_003,52
31-12-2025,SKU_003,49
